<?xml version="1.0" encoding="UTF-8"?>
<formulario version="0.2"><cabecera><codigo_version_formulario>03200601</codigo_version_formulario><ruc>0190167410001</ruc><codigo_moneda>1</codigo_moneda></cabecera><detalle><campo numero="101">10</campo><campo numero="102">2006</campo><campo numero="31">O</campo><campo numero="104"></campo><campo numero="201">0190167410001</campo><campo numero="202"><![CDATA[SOFTWARE CONSULTORIA ASESORIA EN SOLUCIONES EMPRESARIALES]]></campo><campo numero="301">2560.00</campo><campo numero="302">1990.00</campo><campo numero="352">103.00</campo><campo numero="303">0.00</campo><campo numero="353">0.00</campo><campo numero="304">0.00</campo><campo numero="354">0.00</campo><campo numero="305">0.00</campo><campo numero="355">0.00</campo><campo numero="306">0.00</campo><campo numero="356">0.00</campo><campo numero="307">0.00</campo><campo numero="357">0.00</campo><campo numero="308">0.00</campo><campo numero="309">0.00</campo><campo numero="359">0.00</campo><campo numero="310">0.00</campo><campo numero="360">0.00</campo><campo numero="311">0.00</campo><campo numero="361">0.00</campo><campo numero="312">0.00</campo><campo numero="362">0.00</campo><campo numero="313">0.00</campo><campo numero="363">0.00</campo><campo numero="314">0.00</campo><campo numero="364">0.00</campo><campo numero="315">0.00</campo><campo numero="365">0.00</campo><campo numero="316">0.00</campo><campo numero="366">0.00</campo><campo numero="317">0.00</campo><campo numero="367">0.00</campo><campo numero="318">0.00</campo><campo numero="368">0.00</campo><campo numero="319">0.00</campo><campo numero="369">0.00</campo><campo numero="320">0.00</campo><campo numero="370">0.00</campo><campo numero="321">0.00</campo><campo numero="371">0.00</campo><campo numero="322">0.00</campo><campo numero="372">0.00</campo><campo numero="323">0.00</campo><campo numero="373">0.00</campo><campo numero="324">0.00</campo><campo numero="374">0.00</campo><campo numero="325">0.00</campo><campo numero="375">0.00</campo><campo numero="326">0.00</campo><campo numero="376">0.00</campo><campo numero="327">0.00</campo><campo numero="377">0.00</campo><campo numero="328">0.00</campo><campo numero="378">0.00</campo><campo numero="329">0.00</campo><campo numero="379">0.00</campo><campo numero="330">0.00</campo><campo numero="380">0.00</campo><campo numero="331">0.00</campo><campo numero="381">0.00</campo><campo numero="332">0.00</campo><campo numero="399">103.00</campo><campo numero="105">6</campo><campo numero="106">0</campo><campo numero="107">0</campo><campo numero="108">0</campo><campo numero="401">0.00</campo><campo numero="451">0.00</campo><campo numero="403">0.00</campo><campo numero="453">0.00</campo><campo numero="405">0.00</campo><campo numero="455">0.00</campo><campo numero="407">0.00</campo><campo numero="457">0.00</campo><campo numero="409">0.00</campo><campo numero="459">0.00</campo><campo numero="411">0.00</campo><campo numero="461">0.00</campo><campo numero="413">0.00</campo><campo numero="463">0.00</campo><campo numero="415">0.00</campo><campo numero="465">0.00</campo><campo numero="417">0.00</campo><campo numero="467">0.00</campo><campo numero="419">0.00</campo><campo numero="469">0.00</campo><campo numero="421">0.00</campo><campo numero="471">0.00</campo><campo numero="423">0.00</campo><campo numero="473">0.00</campo><campo numero="425">0.00</campo><campo numero="475">0.00</campo><campo numero="498">0.00</campo><campo numero="499">103.00</campo><campo numero="198">0102261039</campo><campo numero="199">0102530243001</campo><campo numero="901">0.00</campo><campo numero="902">103.00</campo><campo numero="903">0.00</campo><campo numero="904">0.00</campo><campo numero="999">103.00</campo><campo numero="905">103.00</campo><campo numero="907">0.00</campo><campo numero="908"></campo><campo numero="909">0.00</campo><campo numero="910"></campo><campo numero="911">0.00</campo><campo numero="912"></campo><campo numero="913">0.00</campo><campo numero="914"></campo><campo numero="915">0.00</campo><campo numero="922">17</campo></detalle></formulario>
