<?xml version="1.0" encoding="UTF-8"?>
<formulario version="0.2"><cabecera><codigo_version_formulario>04200601</codigo_version_formulario><ruc>0190167410001</ruc><codigo_moneda>1</codigo_moneda></cabecera><detalle><campo numero="101">10</campo><campo numero="102">2006</campo><campo numero="31">O</campo><campo numero="104"></campo><campo numero="201">0190167410001</campo><campo numero="202"><![CDATA[SOFTWARE CONSULTORIA ASESORIA EN SOLUCIONES EMPRESARIALES]]></campo><campo numero="301">1.0000</campo><campo numero="303">0.00</campo><campo numero="305">0.00</campo><campo numero="307">0.00</campo><campo numero="399">0.00</campo><campo numero="351">0.00</campo><campo numero="353">0.00</campo><campo numero="355">0.00</campo><campo numero="357">0.00</campo><campo numero="359">0.00</campo><campo numero="361">0.00</campo><campo numero="363">0.00</campo><campo numero="501">0.00</campo><campo numero="503">0.00</campo><campo numero="505">0.00</campo><campo numero="507">0.00</campo><campo numero="509">0.00</campo><campo numero="511">0.00</campo><campo numero="513">0.00</campo><campo numero="531">9020.00</campo><campo numero="551">1082.40</campo><campo numero="533">0.00</campo><campo numero="553">0.00</campo><campo numero="535">0.00</campo><campo numero="555">0.00</campo><campo numero="537">0.00</campo><campo numero="557">0.00</campo><campo numero="539">0.00</campo><campo numero="559">0.00</campo><campo numero="597">0.00</campo><campo numero="549">9020.00</campo><campo numero="599">1082.40</campo><campo numero="105">8</campo><campo numero="106">0</campo><campo numero="107">0</campo><campo numero="108">0</campo><campo numero="109">0</campo><campo numero="110">0</campo><campo numero="601">0.00</campo><campo numero="603">0.00</campo><campo numero="605">0.00</campo><campo numero="607">0.00</campo><campo numero="609">0.00</campo><campo numero="611">0.00</campo><campo numero="613">0.00</campo><campo numero="619">0.00</campo><campo numero="631">0.00</campo><campo numero="651">0.00</campo><campo numero="633">104.92</campo><campo numero="653">12.59</campo><campo numero="635">0.00</campo><campo numero="655">0.00</campo><campo numero="637">0.00</campo><campo numero="657">0.00</campo><campo numero="639">0.00</campo><campo numero="659">0.00</campo><campo numero="641">0.00</campo><campo numero="661">0.00</campo><campo numero="643">0.00</campo><campo numero="663">0.00</campo><campo numero="645">0.00</campo><campo numero="665">0.00</campo><campo numero="647">0.00</campo><campo numero="667">0.00</campo><campo numero="649">0.00</campo><campo numero="650">104.92</campo><campo numero="698">0.00</campo><campo numero="699">12.59</campo><campo numero="111">2</campo><campo numero="112"></campo><campo numero="113"></campo><campo numero="114"></campo><campo numero="115"></campo><campo numero="116"></campo><campo numero="117"></campo><campo numero="701">1069.81</campo><campo numero="702">0.00</campo><campo numero="703">0.00</campo><campo numero="705">757.68</campo><campo numero="798">0.00</campo><campo numero="799">312.13</campo><campo numero="801">0.00</campo><campo numero="851">0.00</campo><campo numero="803">0.00</campo><campo numero="853">0.00</campo><campo numero="805">0.00</campo><campo numero="855">0.00</campo><campo numero="807">0.00</campo><campo numero="857">0.00</campo><campo numero="809">0.00</campo><campo numero="859">0.00</campo><campo numero="811">0.00</campo><campo numero="861">0.00</campo><campo numero="813">0.00</campo><campo numero="863">0.00</campo><campo numero="815">0.00</campo><campo numero="865">0.00</campo><campo numero="817">0.00</campo><campo numero="867">0.00</campo><campo numero="819">0.00</campo><campo numero="821">0.00</campo><campo numero="871">0.00</campo><campo numero="869">0.00</campo><campo numero="898">0.00</campo><campo numero="118">0</campo><campo numero="899">312.13</campo><campo numero="198">0102261039</campo><campo numero="199">0102530243001</campo><campo numero="901">0.00</campo><campo numero="902">312.13</campo><campo numero="903">0.00</campo><campo numero="904">0.00</campo><campo numero="999">312.13</campo><campo numero="905">312.13</campo><campo numero="906">0.00</campo><campo numero="907">0.00</campo><campo numero="908"></campo><campo numero="909">0.00</campo><campo numero="910"></campo><campo numero="911">0.00</campo><campo numero="912"></campo><campo numero="913">0.00</campo><campo numero="914"></campo><campo numero="915">0.00</campo><campo numero="916"></campo><campo numero="917">0.00</campo><campo numero="918"></campo><campo numero="919">0.00</campo><campo numero="922">17</campo></detalle></formulario>
