<?xml version="1.0" encoding="UTF-8"?>
<iva xmlns:xsi="http://www.w3.org/2001/XMLSchema-instance">
	<numeroRuc>0190167410001</numeroRuc>
	<razonSocial>SOFTWARE, CONSULTORIA ASESORIA EN SOLUCIONES EMPRESARIALES</razonSocial>
	<direccionMatriz>RETAMAS 1-73</direccionMatriz>
	<telefono>072811916</telefono>
	<email>jcabrera@softcase.com.ec</email>
	<tpIdRepre>C</tpIdRepre>
	<idRepre>0102261039</idRepre>
	<rucContador>0102530243001</rucContador>
	<anio>2006</anio>
	<mes>10</mes>
	<compras>
		<detalleCompras><codSustento>01</codSustento><devIva>N</devIva><tpIdProv>01</tpIdProv><idProv>0190167771001</idProv><tipoComprobante>1</tipoComprobante><fechaRegistro>31/10/2006</fechaRegistro><establecimiento>001</establecimiento><puntoEmision>003</puntoEmision><secuencial>0729270</secuencial><fechaEmision>31/10/2006</fechaEmision><autorizacion>1104022673</autorizacion><fechaCaducidad>09/2007</fechaCaducidad><baseImponible>0.00</baseImponible><baseImpGrav>15.63</baseImpGrav><porcentajeIva>2</porcentajeIva><montoIva>1.88</montoIva><baseImpIce>0.00</baseImpIce><porcentajeIce>0</porcentajeIce><montoIce>0.00</montoIce><montoIvaBienes>0.00</montoIvaBienes><porRetBienes>0</porRetBienes><valorRetBienes>0.00</valorRetBienes><montoIvaServicios>1.88</montoIvaServicios><porRetServicios>0</porRetServicios><valorRetServicios>0.00</valorRetServicios><air/><docModificado>0</docModificado><fechaEmiModificado>00/00/0000</fechaEmiModificado><estabModificado>000</estabModificado><ptoEmiModificado>000</ptoEmiModificado><secModificado>0000000</secModificado><autModificado>0000000000</autModificado><montoTituloOneroso>0.00</montoTituloOneroso><montoTituloGratuito>0.00</montoTituloGratuito></detalleCompras><detalleCompras><codSustento>01</codSustento><devIva>N</devIva><tpIdProv>01</tpIdProv><idProv>0101541894001</idProv><tipoComprobante>1</tipoComprobante><fechaRegistro>31/10/2006</fechaRegistro><establecimiento>001</establecimiento><puntoEmision>001</puntoEmision><secuencial>6850</secuencial><fechaEmision>31/10/2006</fechaEmision><autorizacion>1103467702</autorizacion><fechaCaducidad>01/2007</fechaCaducidad><baseImponible>0.00</baseImponible><baseImpGrav>89.29</baseImpGrav><porcentajeIva>2</porcentajeIva><montoIva>10.71</montoIva><baseImpIce>0.00</baseImpIce><porcentajeIce>0</porcentajeIce><montoIce>0.00</montoIce><montoIvaBienes>0.00</montoIvaBienes><porRetBienes>0</porRetBienes><valorRetBienes>0.00</valorRetBienes><montoIvaServicios>10.71</montoIvaServicios><porRetServicios>0</porRetServicios><valorRetServicios>0.00</valorRetServicios><air/><docModificado>0</docModificado><fechaEmiModificado>00/00/0000</fechaEmiModificado><estabModificado>000</estabModificado><ptoEmiModificado>000</ptoEmiModificado><secModificado>0000000</secModificado><autModificado>0000000000</autModificado><montoTituloOneroso>0.00</montoTituloOneroso><montoTituloGratuito>0.00</montoTituloGratuito></detalleCompras></compras>
	<ventas>
		<detalleVentas><tpIdCliente>04</tpIdCliente><idCliente>0160024960001</idCliente><tipoComprobante>18</tipoComprobante><fechaRegistro>31/10/2006</fechaRegistro><numeroComprobantes>1</numeroComprobantes><fechaEmision>31/10/2006</fechaEmision><baseImponible>0.00</baseImponible><ivaPresuntivo>N</ivaPresuntivo><baseImpGrav>700.00</baseImpGrav><porcentajeIva>2</porcentajeIva><montoIva>84.00</montoIva><baseImpIce>0.00</baseImpIce><porcentajeIce>0</porcentajeIce><montoIce>0.00</montoIce><montoIvaBienes>0.00</montoIvaBienes><porRetBienes>0</porRetBienes><valorRetBienes>0.00</valorRetBienes><montoIvaServicios>84.00</montoIvaServicios><porRetServicios>2</porRetServicios><valorRetServicios>58.80</valorRetServicios><retPresuntiva>N</retPresuntiva><air><detalleAir><codRetAir>329</codRetAir><baseImpAir>700.00</baseImpAir><porcentajeAir>1.00</porcentajeAir><valRetAir>7.00</valRetAir></detalleAir></air></detalleVentas><detalleVentas><tpIdCliente>04</tpIdCliente><idCliente>0190136094001</idCliente><tipoComprobante>18</tipoComprobante><fechaRegistro>31/10/2006</fechaRegistro><numeroComprobantes>1</numeroComprobantes><fechaEmision>31/10/2006</fechaEmision><baseImponible>0.00</baseImponible><ivaPresuntivo>N</ivaPresuntivo><baseImpGrav>2900.00</baseImpGrav><porcentajeIva>2</porcentajeIva><montoIva>348.00</montoIva><baseImpIce>0.00</baseImpIce><porcentajeIce>0</porcentajeIce><montoIce>0.00</montoIce><montoIvaBienes>0.00</montoIvaBienes><porRetBienes>0</porRetBienes><valorRetBienes>0.00</valorRetBienes><montoIvaServicios>348.00</montoIvaServicios><porRetServicios>2</porRetServicios><valorRetServicios>243.60</valorRetServicios><retPresuntiva>N</retPresuntiva><air><detalleAir><codRetAir>329</codRetAir><baseImpAir>2900.00</baseImpAir><porcentajeAir>1.00</porcentajeAir><valRetAir>29.00</valRetAir></detalleAir></air></detalleVentas><detalleVentas><tpIdCliente>04</tpIdCliente><idCliente>0190313263001</idCliente><tipoComprobante>18</tipoComprobante><fechaRegistro>31/10/2006</fechaRegistro><numeroComprobantes>1</numeroComprobantes><fechaEmision>31/10/2006</fechaEmision><baseImponible>0.00</baseImponible><ivaPresuntivo>N</ivaPresuntivo><baseImpGrav>1020.00</baseImpGrav><porcentajeIva>2</porcentajeIva><montoIva>122.40</montoIva><baseImpIce>0.00</baseImpIce><porcentajeIce>0</porcentajeIce><montoIce>0.00</montoIce><montoIvaBienes>0.00</montoIvaBienes><porRetBienes>0</porRetBienes><valorRetBienes>0.00</valorRetBienes><montoIvaServicios>122.40</montoIvaServicios><porRetServicios>2</porRetServicios><valorRetServicios>85.68</valorRetServicios><retPresuntiva>N</retPresuntiva><air><detalleAir><codRetAir>329</codRetAir><baseImpAir>1020.00</baseImpAir><porcentajeAir>1.00</porcentajeAir><valRetAir>10.20</valRetAir></detalleAir></air></detalleVentas><detalleVentas><tpIdCliente>04</tpIdCliente><idCliente>0190159698001</idCliente><tipoComprobante>18</tipoComprobante><fechaRegistro>31/10/2006</fechaRegistro><numeroComprobantes>2</numeroComprobantes><fechaEmision>31/10/2006</fechaEmision><baseImponible>0.00</baseImponible><ivaPresuntivo>N</ivaPresuntivo><baseImpGrav>2250.00</baseImpGrav><porcentajeIva>2</porcentajeIva><montoIva>270.00</montoIva><baseImpIce>0.00</baseImpIce><porcentajeIce>0</porcentajeIce><montoIce>0.00</montoIce><montoIvaBienes>0.00</montoIvaBienes><porRetBienes>0</porRetBienes><valorRetBienes>0.00</valorRetBienes><montoIvaServicios>270.00</montoIvaServicios><porRetServicios>2</porRetServicios><valorRetServicios>189.00</valorRetServicios><retPresuntiva>N</retPresuntiva><air><detalleAir><codRetAir>329</codRetAir><baseImpAir>2250.00</baseImpAir><porcentajeAir>1.00</porcentajeAir><valRetAir>22.50</valRetAir></detalleAir></air></detalleVentas><detalleVentas><tpIdCliente>04</tpIdCliente><idCliente>0190153053001</idCliente><tipoComprobante>18</tipoComprobante><fechaRegistro>31/10/2006</fechaRegistro><numeroComprobantes>2</numeroComprobantes><fechaEmision>31/10/2006</fechaEmision><baseImponible>0.00</baseImponible><ivaPresuntivo>N</ivaPresuntivo><baseImpGrav>1450.00</baseImpGrav><porcentajeIva>2</porcentajeIva><montoIva>174.00</montoIva><baseImpIce>0.00</baseImpIce><porcentajeIce>0</porcentajeIce><montoIce>0.00</montoIce><montoIvaBienes>0.00</montoIvaBienes><porRetBienes>0</porRetBienes><valorRetBienes>0.00</valorRetBienes><montoIvaServicios>174.00</montoIvaServicios><porRetServicios>2</porRetServicios><valorRetServicios>121.80</valorRetServicios><retPresuntiva>N</retPresuntiva><air><detalleAir><codRetAir>329</codRetAir><baseImpAir>1450.00</baseImpAir><porcentajeAir>1.00</porcentajeAir><valRetAir>14.50</valRetAir></detalleAir></air></detalleVentas><detalleVentas><tpIdCliente>04</tpIdCliente><idCliente>0190006808001</idCliente><tipoComprobante>18</tipoComprobante><fechaRegistro>31/10/2006</fechaRegistro><numeroComprobantes>1</numeroComprobantes><fechaEmision>31/10/2006</fechaEmision><baseImponible>0.00</baseImponible><ivaPresuntivo>N</ivaPresuntivo><baseImpGrav>700.00</baseImpGrav><porcentajeIva>2</porcentajeIva><montoIva>84.00</montoIva><baseImpIce>0.00</baseImpIce><porcentajeIce>0</porcentajeIce><montoIce>0.00</montoIce><montoIvaBienes>0.00</montoIvaBienes><porRetBienes>0</porRetBienes><valorRetBienes>0.00</valorRetBienes><montoIvaServicios>84.00</montoIvaServicios><porRetServicios>2</porRetServicios><valorRetServicios>58.80</valorRetServicios><retPresuntiva>N</retPresuntiva><air><detalleAir><codRetAir>329</codRetAir><baseImpAir>700.00</baseImpAir><porcentajeAir>1.00</porcentajeAir><valRetAir>7.00</valRetAir></detalleAir></air></detalleVentas></ventas>
	<importaciones>
	</importaciones>
	<exportaciones>
	</exportaciones>
	<recap>
	</recap>
	<fideicomisos>
	</fideicomisos>
	<anulados>
	</anulados>
	<rendFinancieros>
	</rendFinancieros>
</iva>
